-- phpMyAdmin SQL Dump
-- version 5.2.1
-- https://www.phpmyadmin.net/
--
-- Servidor: 127.0.0.1
-- Tiempo de generación: 10-05-2026 a las 18:34:56
-- Versión del servidor: 10.4.32-MariaDB
-- Versión de PHP: 8.2.12

SET SQL_MODE = "NO_AUTO_VALUE_ON_ZERO";
START TRANSACTION;
SET time_zone = "+00:00";


/*!40101 SET @OLD_CHARACTER_SET_CLIENT=@@CHARACTER_SET_CLIENT */;
/*!40101 SET @OLD_CHARACTER_SET_RESULTS=@@CHARACTER_SET_RESULTS */;
/*!40101 SET @OLD_COLLATION_CONNECTION=@@COLLATION_CONNECTION */;
/*!40101 SET NAMES utf8mb4 */;

--
-- Base de datos: `workforce`
--

-- --------------------------------------------------------

--
-- Estructura de tabla para la tabla `asignaciones_turnos`
--

CREATE TABLE `asignaciones_turnos` (
  `id` int(11) NOT NULL,
  `empleado_id` int(11) NOT NULL,
  `turno_id` int(11) NOT NULL,
  `semana` int(11) NOT NULL,
  `fecha` date NOT NULL
) ENGINE=InnoDB DEFAULT CHARSET=utf8mb4 COLLATE=utf8mb4_general_ci;

--
-- Volcado de datos para la tabla `asignaciones_turnos`
--

INSERT INTO `asignaciones_turnos` (`id`, `empleado_id`, `turno_id`, `semana`, `fecha`) VALUES
(136, 3, 4, 17, '2026-04-20'),
(137, 3, 4, 17, '2026-04-21'),
(138, 3, 4, 17, '2026-04-22'),
(139, 3, 4, 17, '2026-04-23'),
(140, 3, 4, 17, '2026-04-24'),
(141, 3, 4, 17, '2026-04-25'),
(142, 9, 5, 17, '2026-04-20'),
(143, 9, 5, 17, '2026-04-21'),
(144, 9, 5, 17, '2026-04-22'),
(145, 9, 5, 17, '2026-04-23'),
(146, 9, 5, 17, '2026-04-24'),
(147, 9, 5, 17, '2026-04-25'),
(148, 17, 6, 17, '2026-04-20'),
(149, 17, 6, 17, '2026-04-21'),
(150, 17, 6, 17, '2026-04-22'),
(151, 17, 6, 17, '2026-04-23'),
(152, 17, 6, 17, '2026-04-24'),
(153, 17, 6, 17, '2026-04-25'),
(154, 6, 1, 17, '2026-04-20'),
(155, 6, 1, 17, '2026-04-21'),
(156, 6, 1, 17, '2026-04-22'),
(157, 6, 1, 17, '2026-04-23'),
(158, 6, 1, 17, '2026-04-24'),
(159, 6, 1, 17, '2026-04-25'),
(160, 10, 2, 17, '2026-04-20'),
(161, 10, 2, 17, '2026-04-21'),
(162, 10, 2, 17, '2026-04-22'),
(163, 10, 2, 17, '2026-04-23'),
(164, 10, 2, 17, '2026-04-24'),
(165, 10, 2, 17, '2026-04-25'),
(166, 18, 3, 17, '2026-04-20'),
(167, 18, 3, 17, '2026-04-21'),
(168, 18, 3, 17, '2026-04-22'),
(169, 18, 3, 17, '2026-04-23'),
(170, 18, 3, 17, '2026-04-24'),
(171, 18, 3, 17, '2026-04-25'),
(172, 4, 4, 17, '2026-04-20'),
(173, 4, 4, 17, '2026-04-21'),
(174, 4, 4, 17, '2026-04-22'),
(175, 4, 4, 17, '2026-04-23'),
(176, 4, 4, 17, '2026-04-24'),
(177, 4, 4, 17, '2026-04-25'),
(178, 7, 5, 17, '2026-04-20'),
(179, 7, 5, 17, '2026-04-21'),
(180, 7, 5, 17, '2026-04-22'),
(181, 7, 5, 17, '2026-04-23'),
(182, 7, 5, 17, '2026-04-24'),
(183, 7, 5, 17, '2026-04-25'),
(184, 16, 6, 17, '2026-04-20'),
(185, 16, 6, 17, '2026-04-21'),
(186, 16, 6, 17, '2026-04-22'),
(187, 16, 6, 17, '2026-04-23'),
(188, 16, 6, 17, '2026-04-24'),
(189, 16, 6, 17, '2026-04-25'),
(190, 2, 1, 17, '2026-04-20'),
(191, 2, 1, 17, '2026-04-21'),
(192, 2, 1, 17, '2026-04-22'),
(193, 2, 1, 17, '2026-04-23'),
(194, 2, 1, 17, '2026-04-24'),
(195, 2, 1, 17, '2026-04-25'),
(196, 8, 2, 17, '2026-04-20'),
(197, 8, 2, 17, '2026-04-21'),
(198, 8, 2, 17, '2026-04-22'),
(199, 8, 2, 17, '2026-04-23'),
(200, 8, 2, 17, '2026-04-24'),
(201, 8, 2, 17, '2026-04-25'),
(202, 14, 3, 17, '2026-04-20'),
(203, 14, 3, 17, '2026-04-21'),
(204, 14, 3, 17, '2026-04-22'),
(205, 14, 3, 17, '2026-04-23'),
(206, 14, 3, 17, '2026-04-24'),
(207, 14, 3, 17, '2026-04-25'),
(208, 1, 4, 17, '2026-04-20'),
(209, 1, 4, 17, '2026-04-21'),
(210, 1, 4, 17, '2026-04-22'),
(211, 1, 4, 17, '2026-04-23'),
(212, 1, 4, 17, '2026-04-24'),
(213, 1, 4, 17, '2026-04-25'),
(214, 12, 5, 17, '2026-04-20'),
(215, 12, 5, 17, '2026-04-21'),
(216, 12, 5, 17, '2026-04-22'),
(217, 12, 5, 17, '2026-04-23'),
(218, 12, 5, 17, '2026-04-24'),
(219, 12, 5, 17, '2026-04-25'),
(220, 15, 6, 17, '2026-04-20'),
(221, 15, 6, 17, '2026-04-21'),
(222, 15, 6, 17, '2026-04-22'),
(223, 15, 6, 17, '2026-04-23'),
(224, 15, 6, 17, '2026-04-24'),
(225, 15, 6, 17, '2026-04-25'),
(514, 3, 1, 18, '2026-04-27'),
(515, 3, 1, 18, '2026-04-28'),
(516, 3, 1, 18, '2026-04-29'),
(517, 3, 1, 18, '2026-04-30'),
(518, 3, 1, 18, '2026-05-01'),
(519, 3, 1, 18, '2026-05-02'),
(520, 9, 2, 18, '2026-04-27'),
(521, 9, 2, 18, '2026-04-28'),
(522, 9, 2, 18, '2026-04-29'),
(523, 9, 2, 18, '2026-04-30'),
(524, 9, 2, 18, '2026-05-01'),
(525, 9, 2, 18, '2026-05-02'),
(526, 17, 3, 18, '2026-04-27'),
(527, 17, 3, 18, '2026-04-28'),
(528, 17, 3, 18, '2026-04-29'),
(529, 17, 3, 18, '2026-04-30'),
(530, 17, 3, 18, '2026-05-01'),
(531, 17, 3, 18, '2026-05-02'),
(532, 20, 4, 18, '2026-04-27'),
(533, 20, 4, 18, '2026-04-28'),
(534, 20, 4, 18, '2026-04-29'),
(535, 20, 4, 18, '2026-04-30'),
(536, 20, 4, 18, '2026-05-01'),
(537, 20, 4, 18, '2026-05-02'),
(538, 10, 5, 18, '2026-04-27'),
(539, 10, 5, 18, '2026-04-28'),
(540, 10, 5, 18, '2026-04-29'),
(541, 10, 5, 18, '2026-04-30'),
(542, 10, 5, 18, '2026-05-01'),
(543, 10, 5, 18, '2026-05-02'),
(544, 18, 6, 18, '2026-04-27'),
(545, 18, 6, 18, '2026-04-28'),
(546, 18, 6, 18, '2026-04-29'),
(547, 18, 6, 18, '2026-04-30'),
(548, 18, 6, 18, '2026-05-01'),
(549, 18, 6, 18, '2026-05-02'),
(550, 6, 1, 18, '2026-04-27'),
(551, 6, 1, 18, '2026-04-28'),
(552, 6, 1, 18, '2026-04-29'),
(553, 6, 1, 18, '2026-04-30'),
(554, 6, 1, 18, '2026-05-01'),
(555, 6, 1, 18, '2026-05-02'),
(556, 7, 2, 18, '2026-04-27'),
(557, 7, 2, 18, '2026-04-28'),
(558, 7, 2, 18, '2026-04-29'),
(559, 7, 2, 18, '2026-04-30'),
(560, 7, 2, 18, '2026-05-01'),
(561, 7, 2, 18, '2026-05-02'),
(562, 16, 3, 18, '2026-04-27'),
(563, 16, 3, 18, '2026-04-28'),
(564, 16, 3, 18, '2026-04-29'),
(565, 16, 3, 18, '2026-04-30'),
(566, 16, 3, 18, '2026-05-01'),
(567, 16, 3, 18, '2026-05-02'),
(568, 23, 4, 18, '2026-04-27'),
(569, 23, 4, 18, '2026-04-28'),
(570, 23, 4, 18, '2026-04-29'),
(571, 23, 4, 18, '2026-04-30'),
(572, 23, 4, 18, '2026-05-01'),
(573, 23, 4, 18, '2026-05-02'),
(574, 11, 5, 18, '2026-04-27'),
(575, 11, 5, 18, '2026-04-28'),
(576, 11, 5, 18, '2026-04-29'),
(577, 11, 5, 18, '2026-04-30'),
(578, 11, 5, 18, '2026-05-01'),
(579, 11, 5, 18, '2026-05-02'),
(580, 14, 6, 18, '2026-04-27'),
(581, 14, 6, 18, '2026-04-28'),
(582, 14, 6, 18, '2026-04-29'),
(583, 14, 6, 18, '2026-04-30'),
(584, 14, 6, 18, '2026-05-01'),
(585, 14, 6, 18, '2026-05-02'),
(586, 4, 1, 18, '2026-04-27'),
(587, 4, 1, 18, '2026-04-28'),
(588, 4, 1, 18, '2026-04-29'),
(589, 4, 1, 18, '2026-04-30'),
(590, 4, 1, 18, '2026-05-01'),
(591, 4, 1, 18, '2026-05-02'),
(592, 8, 2, 18, '2026-04-27'),
(593, 8, 2, 18, '2026-04-28'),
(594, 8, 2, 18, '2026-04-29'),
(595, 8, 2, 18, '2026-04-30'),
(596, 8, 2, 18, '2026-05-01'),
(597, 8, 2, 18, '2026-05-02'),
(598, 15, 3, 18, '2026-04-27'),
(599, 15, 3, 18, '2026-04-28'),
(600, 15, 3, 18, '2026-04-29'),
(601, 15, 3, 18, '2026-04-30'),
(602, 15, 3, 18, '2026-05-01'),
(603, 15, 3, 18, '2026-05-02'),
(604, 22, 4, 18, '2026-04-27'),
(605, 22, 4, 18, '2026-04-28'),
(606, 22, 4, 18, '2026-04-29'),
(607, 22, 4, 18, '2026-04-30'),
(608, 22, 4, 18, '2026-05-01'),
(609, 22, 4, 18, '2026-05-02'),
(610, 12, 5, 18, '2026-04-27'),
(611, 12, 5, 18, '2026-04-28'),
(612, 12, 5, 18, '2026-04-29'),
(613, 12, 5, 18, '2026-04-30'),
(614, 12, 5, 18, '2026-05-01'),
(615, 12, 5, 18, '2026-05-02'),
(616, 13, 6, 18, '2026-04-27'),
(617, 13, 6, 18, '2026-04-28'),
(618, 13, 6, 18, '2026-04-29'),
(619, 13, 6, 18, '2026-04-30'),
(620, 13, 6, 18, '2026-05-01'),
(621, 13, 6, 18, '2026-05-02'),
(1378, 3, 4, 19, '2026-05-04'),
(1379, 3, 4, 19, '2026-05-05'),
(1380, 3, 4, 19, '2026-05-06'),
(1381, 3, 4, 19, '2026-05-07'),
(1382, 3, 4, 19, '2026-05-08'),
(1383, 3, 4, 19, '2026-05-09'),
(1384, 9, 5, 19, '2026-05-04'),
(1385, 9, 5, 19, '2026-05-05'),
(1386, 9, 5, 19, '2026-05-06'),
(1387, 9, 5, 19, '2026-05-07'),
(1388, 9, 5, 19, '2026-05-08'),
(1389, 9, 5, 19, '2026-05-09'),
(1390, 17, 6, 19, '2026-05-04'),
(1391, 17, 6, 19, '2026-05-05'),
(1392, 17, 6, 19, '2026-05-06'),
(1393, 17, 6, 19, '2026-05-07'),
(1394, 17, 6, 19, '2026-05-08'),
(1395, 17, 6, 19, '2026-05-09'),
(1396, 20, 1, 19, '2026-05-04'),
(1397, 20, 1, 19, '2026-05-05'),
(1398, 20, 1, 19, '2026-05-06'),
(1399, 20, 1, 19, '2026-05-07'),
(1400, 20, 1, 19, '2026-05-08'),
(1401, 20, 1, 19, '2026-05-09'),
(1402, 10, 2, 19, '2026-05-04'),
(1403, 10, 2, 19, '2026-05-05'),
(1404, 10, 2, 19, '2026-05-06'),
(1405, 10, 2, 19, '2026-05-07'),
(1406, 10, 2, 19, '2026-05-08'),
(1407, 10, 2, 19, '2026-05-09'),
(1408, 18, 3, 19, '2026-05-04'),
(1409, 18, 3, 19, '2026-05-05'),
(1410, 18, 3, 19, '2026-05-06'),
(1411, 18, 3, 19, '2026-05-07'),
(1412, 18, 3, 19, '2026-05-08'),
(1413, 18, 3, 19, '2026-05-09'),
(1414, 6, 4, 19, '2026-05-04'),
(1415, 6, 4, 19, '2026-05-05'),
(1416, 6, 4, 19, '2026-05-06'),
(1417, 6, 4, 19, '2026-05-07'),
(1418, 6, 4, 19, '2026-05-08'),
(1419, 6, 4, 19, '2026-05-09'),
(1420, 7, 5, 19, '2026-05-04'),
(1421, 7, 5, 19, '2026-05-05'),
(1422, 7, 5, 19, '2026-05-06'),
(1423, 7, 5, 19, '2026-05-07'),
(1424, 7, 5, 19, '2026-05-08'),
(1425, 7, 5, 19, '2026-05-09'),
(1426, 16, 6, 19, '2026-05-04'),
(1427, 16, 6, 19, '2026-05-05'),
(1428, 16, 6, 19, '2026-05-06'),
(1429, 16, 6, 19, '2026-05-07'),
(1430, 16, 6, 19, '2026-05-08'),
(1431, 16, 6, 19, '2026-05-09'),
(1432, 23, 1, 19, '2026-05-04'),
(1433, 23, 1, 19, '2026-05-05'),
(1434, 23, 1, 19, '2026-05-06'),
(1435, 23, 1, 19, '2026-05-07'),
(1436, 23, 1, 19, '2026-05-08'),
(1437, 23, 1, 19, '2026-05-09'),
(1438, 11, 2, 19, '2026-05-04'),
(1439, 11, 2, 19, '2026-05-05'),
(1440, 11, 2, 19, '2026-05-06'),
(1441, 11, 2, 19, '2026-05-07'),
(1442, 11, 2, 19, '2026-05-08'),
(1443, 11, 2, 19, '2026-05-09'),
(1444, 14, 3, 19, '2026-05-04'),
(1445, 14, 3, 19, '2026-05-05'),
(1446, 14, 3, 19, '2026-05-06'),
(1447, 14, 3, 19, '2026-05-07'),
(1448, 14, 3, 19, '2026-05-08'),
(1449, 14, 3, 19, '2026-05-09'),
(1450, 4, 4, 19, '2026-05-04'),
(1451, 4, 4, 19, '2026-05-05'),
(1452, 4, 4, 19, '2026-05-06'),
(1453, 4, 4, 19, '2026-05-07'),
(1454, 4, 4, 19, '2026-05-08'),
(1455, 4, 4, 19, '2026-05-09'),
(1456, 8, 5, 19, '2026-05-04'),
(1457, 8, 5, 19, '2026-05-05'),
(1458, 8, 5, 19, '2026-05-06'),
(1459, 8, 5, 19, '2026-05-07'),
(1460, 8, 5, 19, '2026-05-08'),
(1461, 8, 5, 19, '2026-05-09'),
(1462, 15, 6, 19, '2026-05-04'),
(1463, 15, 6, 19, '2026-05-05'),
(1464, 15, 6, 19, '2026-05-06'),
(1465, 15, 6, 19, '2026-05-07'),
(1466, 15, 6, 19, '2026-05-08'),
(1467, 15, 6, 19, '2026-05-09'),
(1468, 22, 1, 19, '2026-05-04'),
(1469, 22, 1, 19, '2026-05-05'),
(1470, 22, 1, 19, '2026-05-06'),
(1471, 22, 1, 19, '2026-05-07'),
(1472, 22, 1, 19, '2026-05-08'),
(1473, 22, 1, 19, '2026-05-09'),
(1474, 12, 2, 19, '2026-05-04'),
(1475, 12, 2, 19, '2026-05-05'),
(1476, 12, 2, 19, '2026-05-06'),
(1477, 12, 2, 19, '2026-05-07'),
(1478, 12, 2, 19, '2026-05-08'),
(1479, 12, 2, 19, '2026-05-09'),
(1480, 13, 3, 19, '2026-05-04'),
(1481, 13, 3, 19, '2026-05-05'),
(1482, 13, 3, 19, '2026-05-06'),
(1483, 13, 3, 19, '2026-05-07'),
(1484, 13, 3, 19, '2026-05-08'),
(1485, 13, 3, 19, '2026-05-09');

-- --------------------------------------------------------

--
-- Estructura de tabla para la tabla `empleados`
--

CREATE TABLE `empleados` (
  `id` int(11) NOT NULL,
  `dni` varchar(20) NOT NULL,
  `nombre` varchar(100) NOT NULL,
  `apellidos` varchar(150) NOT NULL,
  `puesto` varchar(100) NOT NULL,
  `estado` enum('Activo','Baja','Vacaciones') NOT NULL DEFAULT 'Activo',
  `jornada` enum('completa','36h','30h') NOT NULL
) ENGINE=InnoDB DEFAULT CHARSET=utf8mb4 COLLATE=utf8mb4_general_ci;

--
-- Volcado de datos para la tabla `empleados`
--

INSERT INTO `empleados` (`id`, `dni`, `nombre`, `apellidos`, `puesto`, `estado`, `jornada`) VALUES
(1, '11111110A', 'María', 'González López', 'Cajera', 'Activo', 'completa'),
(2, '11111112B', 'Lucía', 'Fernández Díaz', 'Cajera', 'Activo', 'completa'),
(3, '11111113C', 'Ana', 'Martínez Pérez', 'Cajera', 'Activo', 'completa'),
(4, '11111114D', 'Elena', 'Sánchez Rubio', 'Cajera', 'Activo', 'completa'),
(5, '11111115E', 'Laura', 'Prieto Gómez', 'Cajera', 'Activo', 'completa'),
(6, '11111116F', 'Carmen', 'Álvarez Torres', 'Cajera', 'Activo', 'completa'),
(7, '22222221A', 'Jorge', 'López García', 'Cajero', 'Activo', '36h'),
(8, '22222220B', 'Pablo', 'García Suárez', 'Cajero', 'Activo', '36h'),
(9, '22222223C', 'Diego', 'Rodríguez León', 'Cajero', 'Activo', '36h'),
(10, '22222224D', 'Iván', 'Hernández Soto', 'Cajero', 'Activo', '36h'),
(11, '22222225E', 'Mario', 'Cano Iglesias', 'Cajero', 'Activo', '36h'),
(12, '22222226F', 'Rubén', 'Vega Castro', 'Cajero', 'Activo', '36h'),
(13, '33333331A', 'Sara', 'Núñez Blanco', 'Cajera', 'Activo', '30h'),
(14, '33333332B', 'Nerea', 'Campos Ruiz', 'Cajera', 'Activo', '30h'),
(15, '33333330C', 'Paula', 'Rey Domínguez', 'Cajera', 'Activo', '30h'),
(16, '33333334D', 'Irene', 'Santos Varela', 'Cajera', 'Activo', '30h'),
(17, '33333335E', 'Alba', 'Calvo Montes', 'Cajera', 'Activo', '30h'),
(18, '33333336F', 'Clara', 'Moro Álvarez', 'Cajera', 'Activo', '30h'),
(19, '11111111A', 'Laura', 'Fernández', 'Admin', 'Activo', 'completa'),
(20, '22222222B', 'Carlos', 'Méndez', 'RRHH', 'Activo', 'completa'),
(21, '33333333C', 'Sofía', 'Delgado', 'Supervisor', 'Activo', 'completa'),
(22, '44444444D', 'Javier', 'Morales', 'Responsable', 'Activo', 'completa'),
(23, '55555555E', 'Elena', 'Prieto', 'Supervisor', 'Activo', 'completa'),
(24, '66666666F', 'Miguel', 'Torres', 'Responsable', 'Activo', 'completa');

-- --------------------------------------------------------

--
-- Estructura de tabla para la tabla `turnos`
--

CREATE TABLE `turnos` (
  `id` int(11) NOT NULL,
  `nombre` varchar(100) NOT NULL,
  `hora_inicio` time NOT NULL,
  `hora_fin` time NOT NULL,
  `tipo` varchar(50) NOT NULL,
  `jornada` varchar(20) NOT NULL
) ENGINE=InnoDB DEFAULT CHARSET=utf8mb4 COLLATE=utf8mb4_general_ci;

--
-- Volcado de datos para la tabla `turnos`
--

INSERT INTO `turnos` (`id`, `nombre`, `hora_inicio`, `hora_fin`, `tipo`, `jornada`) VALUES
(1, 'Mañana Completa', '08:00:00', '15:00:00', 'mañana', 'completa'),
(2, 'Mañana 36h', '09:00:00', '15:00:00', 'mañana', '36h'),
(3, 'Mañana 30h', '10:00:00', '15:00:00', 'mañana', '30h'),
(4, 'Tarde Completa', '15:00:00', '22:00:00', 'tarde', 'completa'),
(5, 'Tarde 36h', '16:00:00', '22:00:00', 'tarde', '36h'),
(6, 'Tarde 30h', '17:00:00', '22:00:00', 'tarde', '30h');

-- --------------------------------------------------------

--
-- Estructura de tabla para la tabla `usuarios`
--

CREATE TABLE `usuarios` (
  `id` int(11) NOT NULL,
  `dni` varchar(20) NOT NULL,
  `clave` varchar(100) NOT NULL,
  `nombre` varchar(100) NOT NULL,
  `roles` enum('Admin','RRHH','Supervisor','Responsable') NOT NULL
) ENGINE=InnoDB DEFAULT CHARSET=utf8mb4 COLLATE=utf8mb4_general_ci;

--
-- Volcado de datos para la tabla `usuarios`
--

INSERT INTO `usuarios` (`id`, `dni`, `clave`, `nombre`, `roles`) VALUES
(1, '11111111A', '11111111A', 'Laura Fernández', 'Admin'),
(2, '22222222B', '22222222B', 'Carlos Méndez', 'RRHH'),
(3, '33333333C', '33333333C', 'Sofía Delgado', 'Supervisor'),
(4, '44444444D', '44444444D', 'Javier Morales', 'Responsable'),
(5, '55555555E', '55555555E', 'Elena Prieto', 'Supervisor'),
(6, '66666666F', '66666666F', 'Miguel Torres', 'Responsable');

--
-- Índices para tablas volcadas
--

--
-- Indices de la tabla `asignaciones_turnos`
--
ALTER TABLE `asignaciones_turnos`
  ADD PRIMARY KEY (`id`),
  ADD KEY `empleado_id` (`empleado_id`),
  ADD KEY `turno_id` (`turno_id`);

--
-- Indices de la tabla `empleados`
--
ALTER TABLE `empleados`
  ADD PRIMARY KEY (`id`);

--
-- Indices de la tabla `turnos`
--
ALTER TABLE `turnos`
  ADD PRIMARY KEY (`id`);

--
-- Indices de la tabla `usuarios`
--
ALTER TABLE `usuarios`
  ADD PRIMARY KEY (`id`);

--
-- AUTO_INCREMENT de las tablas volcadas
--

--
-- AUTO_INCREMENT de la tabla `asignaciones_turnos`
--
ALTER TABLE `asignaciones_turnos`
  MODIFY `id` int(11) NOT NULL AUTO_INCREMENT, AUTO_INCREMENT=1486;

--
-- AUTO_INCREMENT de la tabla `empleados`
--
ALTER TABLE `empleados`
  MODIFY `id` int(11) NOT NULL AUTO_INCREMENT, AUTO_INCREMENT=25;

--
-- AUTO_INCREMENT de la tabla `turnos`
--
ALTER TABLE `turnos`
  MODIFY `id` int(11) NOT NULL AUTO_INCREMENT, AUTO_INCREMENT=7;

--
-- AUTO_INCREMENT de la tabla `usuarios`
--
ALTER TABLE `usuarios`
  MODIFY `id` int(11) NOT NULL AUTO_INCREMENT, AUTO_INCREMENT=7;

--
-- Restricciones para tablas volcadas
--

--
-- Filtros para la tabla `asignaciones_turnos`
--
ALTER TABLE `asignaciones_turnos`
  ADD CONSTRAINT `asignaciones_turnos_ibfk_1` FOREIGN KEY (`empleado_id`) REFERENCES `empleados` (`id`),
  ADD CONSTRAINT `asignaciones_turnos_ibfk_2` FOREIGN KEY (`turno_id`) REFERENCES `turnos` (`id`);
COMMIT;

/*!40101 SET CHARACTER_SET_CLIENT=@OLD_CHARACTER_SET_CLIENT */;
/*!40101 SET CHARACTER_SET_RESULTS=@OLD_CHARACTER_SET_RESULTS */;
/*!40101 SET COLLATION_CONNECTION=@OLD_COLLATION_CONNECTION */;
